<?xml version="1.0" encoding="UTF-8"?>

<channel name="pointers" version="1.0">
  <property name="SynPS2_Synaptics_TouchPad" type="empty">
    <property name="Properties" type="empty">
      <property name="Synaptics_Tap_Action" type="array">
        <value type="int" value="0"/>
        <value type="int" value="0"/>
        <value type="int" value="0"/>
        <value type="int" value="0"/>
        <value type="int" value="1"/>
        <value type="int" value="3"/>
        <value type="int" value="2"/>
      </property>
    </property>
  </property>
  <property name="DisableTouchpadWhileTyping" type="bool" value="true"/>
</channel>
