<?xml version="1.0" encoding="UTF-8" standalone="no"?>
<!DOCTYPE map SYSTEM "http://java.sun.com/dtd/preferences.dtd">
<map MAP_XML_VERSION="1.0">
  <entry key="KeyPatternRegex" value=""/>
  <entry key="KeyPatternReplacement" value=""/>
  <entry key="abbrAuthorNames" value="true"/>
  <entry key="activeFieldEditorBackgroundColor" value="220:220:255"/>
  <entry key="allowTableEditing" value="false"/>
  <entry key="autoComplete" value="true"/>
  <entry key="autoCompleteFields" value="author;editor;title;journal;publisher;keywords;crossref"/>
  <entry key="autoDoubleBraces" value="false"/>
  <entry key="autoOpenForm" value="true"/>
  <entry key="autoResizeMode" value="4"/>
  <entry key="autoSave" value="true"/>
  <entry key="autoSaveInterval" value="5"/>
  <entry key="autolinkExactKeyOnly" value="false"/>
  <entry key="avoidOverwritingKey" value="false"/>
  <entry key="backup" value="true"/>
  <entry key="biblatexMode" value="false"/>
  <entry key="caseSensitiveSearch" value="false"/>
  <entry key="citeseerColumn" value="false"/>
  <entry key="columnNames" value="bibtexkey;entrytype;author;title;journal;year"/>
  <entry key="columnWidths" value="174;87;180;344;207;40"/>
  <entry key="confirmDelete" value="true"/>
  <entry key="ctrlClick" value="false"/>
  <entry key="defaultEncoding" value="ISO8859_1"/>
  <entry key="defaultLabelPattern" value="[auth][year]"/>
  <entry key="defaultOwner" value="dclong"/>
  <entry key="defaultShowSource" value="false"/>
  <entry key="dialogWarningForDuplicateKey" value="true"/>
  <entry key="dialogWarningForEmptyKey" value="true"/>
  <entry key="disableOnMultipleSelection" value="false"/>
  <entry key="doNotResolveStringsFor" value="url"/>
  <entry key="enableSourceEditing" value="true"/>
  <entry key="enforceLegalBibtexKey" value="true"/>
  <entry key="exportInOriginalOrder" value="false"/>
  <entry key="exportInStandardOrder" value="true"/>
  <entry key="fieldEditorTextColor" value="0:0:0"/>
  <entry key="fileColumn" value="true"/>
  <entry key="fileDirectory" value="/home/dclong/Dropbox/ref/ref"/>
  <entry key="filechooserDisableRename" value="true"/>
  <entry key="floatMarkedEntries" value="true"/>
  <entry key="floatSearch" value="false"/>
  <entry key="fontFamily" value="SansSerif"/>
  <entry key="fontSize" value="12"/>
  <entry key="fontStyle" value="0"/>
  <entry key="generateKeysAfterInspection" value="true"/>
  <entry key="generateKeysBeforeSaving" value="false"/>
  <entry key="gridColor" value="210:210:210"/>
  <entry key="groupAutoHide" value="true"/>
  <entry key="groupAutoShow" value="true"/>
  <entry key="groupExpandTree" value="true"/>
  <entry key="groupKeywordSeparator" value=", "/>
  <entry key="groupShowDynamic" value="true"/>
  <entry key="groupShowIcons" value="true"/>
  <entry key="groupsDefaultField" value="keywords"/>
  <entry key="incompleteEntryBackground" value="250:175:175"/>
  <entry key="incrementS" value="false"/>
  <entry key="invalidFieldBackgroundColor" value="255:0:0"/>
  <entry key="keyGenAlwaysAddLetter" value="false"/>
  <entry key="keyGenFirstLetterA" value="true"/>
  <entry key="lastEdited" value="/home/dclong/Dropbox/science-ref/ref/ref.bib"/>
  <entry key="lookAndFeel" value="com.jgoodies.plaf.plastic.Plastic3DLookAndFeel"/>
  <entry key="markImportedEntries" value="true"/>
  <entry key="markedEntryBackground0" value="255:255:180"/>
  <entry key="markedEntryBackground1" value="255:220:180"/>
  <entry key="markedEntryBackground2" value="255:180:160"/>
  <entry key="markedEntryBackground3" value="255:120:120"/>
  <entry key="markedEntryBackground4" value="255:75:75"/>
  <entry key="markedEntryBackground5" value="220:255:220"/>
  <entry key="memoryStickMode" value="false"/>
  <entry key="namesAsIs" value="false"/>
  <entry key="namesFf" value="false"/>
  <entry key="namesLastOnly" value="false"/>
  <entry key="namesNatbib" value="true"/>
  <entry key="numberColWidth" value="25"/>
  <entry key="openLastEdited" value="true"/>
  <entry key="overrideDefaultFonts" value="false"/>
  <entry key="overwriteOwner" value="false"/>
  <entry key="overwriteTimeStamp" value="false"/>
  <entry key="pdfColumn" value="false"/>
  <entry key="pdfDirectory" value=""/>
  <entry key="posX" value="0"/>
  <entry key="posY" value="0"/>
  <entry key="preview0" value="&lt;font face=&quot;arial&quot;&gt;&lt;b&gt;&lt;i&gt;\bibtextype&lt;/i&gt;&lt;a name=&quot;\bibtexkey&quot;&gt;\begin{bibtexkey} (\bibtexkey)&lt;/a&gt;\end{bibtexkey}&lt;/b&gt;&lt;br&gt;__NEWLINE__\begin{author} \format[HTMLChars,AuthorAbbreviator,AuthorAndsReplacer]{\author}&lt;BR&gt;\end{author}__NEWLINE__\begin{editor} \format[HTMLChars,AuthorAbbreviator,AuthorAndsReplacer]{\editor} &lt;i&gt;(\format[IfPlural(Eds.,Ed.)]{\editor})&lt;/i&gt;&lt;BR&gt;\end{editor}__NEWLINE__\begin{title} \format[HTMLChars]{\title} \end{title}&lt;BR&gt;__NEWLINE__\begin{chapter} \format[HTMLChars]{\chapter}&lt;BR&gt;\end{chapter}__NEWLINE__\begin{journal} &lt;em&gt;\format[HTMLChars]{\journal}, &lt;/em&gt;\end{journal}__NEWLINE__\begin{booktitle} &lt;em&gt;\format[HTMLChars]{\booktitle}, &lt;/em&gt;\end{booktitle}__NEWLINE__\begin{school} &lt;em&gt;\format[HTMLChars]{\school}, &lt;/em&gt;\end{school}__NEWLINE__\begin{institution} &lt;em&gt;\format[HTMLChars]{\institution}, &lt;/em&gt;\end{institution}__NEWLINE__\begin{publisher} &lt;em&gt;\format[HTMLChars]{\publisher}, &lt;/em&gt;\end{publisher}__NEWLINE__\begin{year}&lt;b&gt;\year&lt;/b&gt;\end{year}\begin{volume}&lt;i&gt;, \volume&lt;/i&gt;\end{volume}\begin{pages}, \format[FormatPagesForHTML]{\pages} \end{pages}__NEWLINE__\begin{abstract}&lt;BR&gt;&lt;BR&gt;&lt;b&gt;Abstract: &lt;/b&gt; \format[HTMLChars]{\abstract} \end{abstract}__NEWLINE__\begin{review}&lt;BR&gt;&lt;BR&gt;&lt;b&gt;Review: &lt;/b&gt; \format[HTMLChars]{\review} \end{review}&lt;/dd&gt;__NEWLINE__&lt;p&gt;&lt;/p&gt;&lt;/font&gt;"/>
  <entry key="preview1" value="&lt;font face=&quot;arial&quot;&gt;&lt;b&gt;&lt;i&gt;\bibtextype&lt;/i&gt;&lt;a name=&quot;\bibtexkey&quot;&gt;\begin{bibtexkey} (\bibtexkey)&lt;/a&gt;\end{bibtexkey}&lt;/b&gt;&lt;br&gt;__NEWLINE__\begin{author} \format[HTMLChars,AuthorAbbreviator,AuthorAndsReplacer]{\author}&lt;BR&gt;\end{author}__NEWLINE__\begin{editor} \format[HTMLChars,AuthorAbbreviator,AuthorAndsReplacer]{\editor} &lt;i&gt;(\format[IfPlural(Eds.,Ed.)]{\editor})&lt;/i&gt;&lt;BR&gt;\end{editor}__NEWLINE__\begin{title} \format[HTMLChars]{\title} \end{title}&lt;BR&gt;__NEWLINE__\begin{chapter} \format[HTMLChars]{\chapter}&lt;BR&gt;\end{chapter}__NEWLINE__\begin{journal} &lt;em&gt;\format[HTMLChars]{\journal}, &lt;/em&gt;\end{journal}__NEWLINE__\begin{booktitle} &lt;em&gt;\format[HTMLChars]{\booktitle}, &lt;/em&gt;\end{booktitle}__NEWLINE__\begin{school} &lt;em&gt;\format[HTMLChars]{\school}, &lt;/em&gt;\end{school}__NEWLINE__\begin{institution} &lt;em&gt;\format[HTMLChars]{\institution}, &lt;/em&gt;\end{institution}__NEWLINE__\begin{publisher} &lt;em&gt;\format[HTMLChars]{\publisher}, &lt;/em&gt;\end{publisher}__NEWLINE__\begin{year}&lt;b&gt;\year&lt;/b&gt;\end{year}\begin{volume}&lt;i&gt;, \volume&lt;/i&gt;\end{volume}\begin{pages}, \format[FormatPagesForHTML]{\pages} \end{pages}&lt;/dd&gt;__NEWLINE__&lt;p&gt;&lt;/p&gt;&lt;/font&gt;"/>
  <entry key="priDescending" value="true"/>
  <entry key="priSort" value="bibtexkey"/>
  <entry key="promptBeforeUsingAutosave" value="true"/>
  <entry key="psDirectory" value=""/>
  <entry key="pushToApplication" value="Insert selected citations into LyX/Kile"/>
  <entry key="recentFiles" value="/home/dclong/Dropbox/science-ref/ref.bib~;/home/dclong/Dropbox/science-ref/ref.bib;/home/dclong/Dropbox/science-ref/ref/ref.bib"/>
  <entry key="regExpSearch" value="true"/>
  <entry key="regExpSearchExpression" value="**/.*[bibtexkey].*\\.[extension]"/>
  <entry key="resolveStringsAllFields" value="false"/>
  <entry key="runAutomaticFileSearch" value="false"/>
  <entry key="saveInOriginalOrder" value="false"/>
  <entry key="saveInStandardOrder" value="true"/>
  <entry key="searchAll" value="false"/>
  <entry key="searchAllBases" value="false"/>
  <entry key="searchDialogHeight" value="500"/>
  <entry key="searchDialogWidth" value="867"/>
  <entry key="searchGen" value="true"/>
  <entry key="searchOpt" value="true"/>
  <entry key="searchPanelVisible" value="true"/>
  <entry key="searchReq" value="true"/>
  <entry key="secDescending" value="false"/>
  <entry key="secSort" value=""/>
  <entry key="selectS" value="false"/>
  <entry key="showSearchInDialog" value="false"/>
  <entry key="showSource" value="true"/>
  <entry key="sidePaneWidth" value="202"/>
  <entry key="sizeX" value="1356"/>
  <entry key="sizeY" value="760"/>
  <entry key="tableBackground" value="255:255:255"/>
  <entry key="tableColorCodesOn" value="true"/>
  <entry key="tableOptFieldBackground" value="230:255:230"/>
  <entry key="tableReqFieldBackground" value="230:235:255"/>
  <entry key="tableText" value="0:0:0"/>
  <entry key="terDescending" value="false"/>
  <entry key="terSort" value=""/>
  <entry key="timeStampField" value="timestamp"/>
  <entry key="timeStampFormat" value="yyyy.MM.dd"/>
  <entry key="unmarkAllEntriesBeforeImporting" value="true"/>
  <entry key="urlColumn" value="true"/>
  <entry key="useDefaultLookAndFeel" value="true"/>
  <entry key="useIEEEAbrv" value="true"/>
  <entry key="useImportInspectionDialog" value="true"/>
  <entry key="useImportInspectionDialogForSingle" value="true"/>
  <entry key="useNativeFileDialogOnMac" value="false"/>
  <entry key="useOwner" value="true"/>
  <entry key="useRegExpSearch" value="true"/>
  <entry key="useRemoteServer" value="false"/>
  <entry key="useTimeStamp" value="true"/>
  <entry key="useXmpPrivacyFilter" value="false"/>
  <entry key="validFieldBackgroundColor" value="255:255:255"/>
  <entry key="warnAboutDuplicatesInInspection" value="true"/>
  <entry key="warnBeforeOverwritingKey" value="true"/>
  <entry key="windowMaximised" value="false"/>
  <entry key="workingDirectory" value="/home/dclong/Dropbox/ref/ref/ref.bib"/>
</map>
