<?xml version='1.0' encoding='UTF-8'?><feed xmlns='http://www.w3.org/2005/Atom' xmlns:apps='http://schemas.google.com/apps/2006'>
	<title>Mail Filters</title>
	<id>tag:mail.google.com,2008:filters:1239026289764,1252722250557,1275229550914,1296516261321,1298476758057,1301802288069,1307673127847,1307673166746,1307673201404,1307673357986,1310235602408,1311372788399,1317417306392,1317417549914,1317448163474</id>
	<updated>2012-05-27T21:01:24Z</updated>
	<author>
		<name>Chuanlong Du</name>
		<email>isugroup@gmail.com</email>
	</author>
	<entry>
		<category term='filter'></category>
		<title>Mail Filter</title>
		<id>tag:mail.google.com,2008:filter:1239026289764</id>
		<updated>2012-05-27T21:01:24Z</updated>
		<content></content>
		<apps:property name='from' value='dclong@iastate.edu OR duchuanlong@gmail.com'/>
		<apps:property name='to' value='isugroup+Backup@gmail.com'/>
		<apps:property name='hasTheWord' value='GMAILFS'/>
		<apps:property name='hasAttachment' value='true'/>
		<apps:property name='label' value='Backup'/>
		<apps:property name='shouldMarkAsRead' value='true'/>
		<apps:property name='shouldArchive' value='true'/>
		<apps:property name='shouldStar' value='true'/>
		<apps:property name='shouldNeverSpam' value='true'/>
	</entry>
	<entry>
		<category term='filter'></category>
		<title>Mail Filter</title>
		<id>tag:mail.google.com,2008:filter:1252722250557</id>
		<updated>2012-05-27T21:01:24Z</updated>
		<content></content>
		<apps:property name='from' value='sears@value.sears.com OR reply-225456@enews.meritline.com OR reply-225456@www.elabs3.com OR news@mail.hpshopping.com OR buy.com_offers@enews.buy.com OR store-news@amazon.com OR promo@email.newegg.com'/>
		<apps:property name='label' value='Shopping'/>
		<apps:property name='shouldArchive' value='true'/>
		<apps:property name='shouldNeverSpam' value='true'/>
	</entry>
	<entry>
		<category term='filter'></category>
		<title>Mail Filter</title>
		<id>tag:mail.google.com,2008:filter:1275229550914</id>
		<updated>2012-05-27T21:01:24Z</updated>
		<content></content>
		<apps:property name='to' value='isutennis@yahoogroups.com'/>
		<apps:property name='subject' value='tennis'/>
		<apps:property name='label' value='Sports'/>
		<apps:property name='forwardTo' value='duchuanlong@gmail.com'/>
		<apps:property name='shouldNeverSpam' value='true'/>
	</entry>
	<entry>
		<category term='filter'></category>
		<title>Mail Filter</title>
		<id>tag:mail.google.com,2008:filter:1296516261321</id>
		<updated>2012-05-27T21:01:24Z</updated>
		<content></content>
		<apps:property name='from' value='reply-225456@enews.meritline.com'/>
		<apps:property name='hasTheWord' value='(Wireless Hand-held) OR (wireless headphone) OR (wireless headset) OR (bluetooth headphone) OR (bluetooth headset) OR lexmark OR (soft clean tool) OR (wireless mouse)'/>
		<apps:property name='label' value='Wanted'/>
		<apps:property name='forwardTo' value='duchuanlong+wanted@gmail.com'/>
		<apps:property name='shouldNeverSpam' value='true'/>
	</entry>
	<entry>
		<category term='filter'></category>
		<title>Mail Filter</title>
		<id>tag:mail.google.com,2008:filter:1298476758057</id>
		<updated>2012-05-27T21:01:24Z</updated>
		<content></content>
		<apps:property name='to' value='isugroup@gmail.com'/>
		<apps:property name='subject' value='&quot;Re:&quot;'/>
		<apps:property name='label' value='Conversation'/>
		<apps:property name='shouldMarkAsRead' value='true'/>
		<apps:property name='shouldArchive' value='true'/>
		<apps:property name='forwardTo' value='duchuanlong@gmail.com'/>
		<apps:property name='shouldNeverSpam' value='true'/>
	</entry>
	<entry>
		<category term='filter'></category>
		<title>Mail Filter</title>
		<id>tag:mail.google.com,2008:filter:1301802288069</id>
		<updated>2012-05-27T21:01:24Z</updated>
		<content></content>
		<apps:property name='to' value='isugroup+Complain@gmail.com OR isugroup+Tags@gmail.com'/>
		<apps:property name='label' value='CMailList'/>
		<apps:property name='forwardTo' value='duchuanlong+SignInOff@gmail.com'/>
		<apps:property name='shouldNeverSpam' value='true'/>
	</entry>
	<entry>
		<category term='filter'></category>
		<title>Mail Filter</title>
		<id>tag:mail.google.com,2008:filter:1307673127847</id>
		<updated>2012-05-27T21:01:24Z</updated>
		<content></content>
		<apps:property name='to' value='isugroup@gmail.com OR china-lianyi@googlegroups.com'/>
		<apps:property name='hasTheWord' value='sale OR need OR buy OR 买 OR 卖 OR sell OR needed 购 OR 售'/>
		<apps:property name='doesNotHaveTheWord' value='club OR clubs'/>
		<apps:property name='label' value='Buying_Selling'/>
		<apps:property name='shouldArchive' value='true'/>
		<apps:property name='shouldNeverSpam' value='true'/>
	</entry>
	<entry>
		<category term='filter'></category>
		<title>Mail Filter</title>
		<id>tag:mail.google.com,2008:filter:1307673166746</id>
		<updated>2012-05-27T21:01:24Z</updated>
		<content></content>
		<apps:property name='to' value='china-lianyi@googlegroups.com'/>
		<apps:property name='hasTheWord' value='sublease OR 租 OR rent OR house OR 房 OR 室'/>
		<apps:property name='doesNotHaveTheWord' value='book (May house)'/>
		<apps:property name='label' value='Rent_Sublease'/>
		<apps:property name='shouldArchive' value='true'/>
		<apps:property name='shouldNeverSpam' value='true'/>
	</entry>
	<entry>
		<category term='filter'></category>
		<title>Mail Filter</title>
		<id>tag:mail.google.com,2008:filter:1307673201404</id>
		<updated>2012-05-27T21:01:24Z</updated>
		<content></content>
		<apps:property name='to' value='china-lianyi@googlegroups.com'/>
		<apps:property name='hasTheWord' value='tennis OR volleyball OR basketball OR badminton'/>
		<apps:property name='doesNotHaveTheWord' value='buy OR (for sale) OR sell'/>
		<apps:property name='label' value='Sports'/>
		<apps:property name='shouldArchive' value='true'/>
		<apps:property name='shouldNeverSpam' value='true'/>
	</entry>
	<entry>
		<category term='filter'></category>
		<title>Mail Filter</title>
		<id>tag:mail.google.com,2008:filter:1307673357986</id>
		<updated>2012-05-27T21:01:24Z</updated>
		<content></content>
		<apps:property name='to' value='isugroup+SignIn@gmail.com'/>
		<apps:property name='label' value='SignIn&amp;SignOff'/>
		<apps:property name='forwardTo' value='duchuanlong+SignInOff@gmail.com'/>
		<apps:property name='shouldStar' value='true'/>
		<apps:property name='shouldNeverSpam' value='true'/>
	</entry>
	<entry>
		<category term='filter'></category>
		<title>Mail Filter</title>
		<id>tag:mail.google.com,2008:filter:1310235602408</id>
		<updated>2012-05-27T21:01:24Z</updated>
		<content></content>
		<apps:property name='to' value='china-lianyi@googlegroups.com'/>
		<apps:property name='hasTheWord' value='接送 OR 接机 OR 助 OR 为什么 OR help'/>
		<apps:property name='doesNotHaveTheWord' value='自助餐 (sign in) (sign off) (for sale)'/>
		<apps:property name='label' value='Help'/>
		<apps:property name='shouldArchive' value='true'/>
		<apps:property name='shouldNeverSpam' value='true'/>
	</entry>
	<entry>
		<category term='filter'></category>
		<title>Mail Filter</title>
		<id>tag:mail.google.com,2008:filter:1311372788399</id>
		<updated>2012-05-27T21:01:24Z</updated>
		<content></content>
		<apps:property name='to' value='isugroup@gmail.com OR china-lianyi@googlegroups.com'/>
		<apps:property name='hasTheWord' value='(卖 OR sale) AND (Free OR 盆 OR basin)'/>
		<apps:property name='label' value='Wanted'/>
		<apps:property name='shouldStar' value='true'/>
		<apps:property name='shouldNeverSpam' value='true'/>
	</entry>
	<entry>
		<category term='filter'></category>
		<title>Mail Filter</title>
		<id>tag:mail.google.com,2008:filter:1317417306392</id>
		<updated>2012-05-27T21:01:24Z</updated>
		<content></content>
		<apps:property name='to' value='isugroup+StickyPost@gmail.com'/>
		<apps:property name='label' value='CMailList'/>
		<apps:property name='forwardTo' value='duchuanlong@gmail.com'/>
		<apps:property name='shouldNeverSpam' value='true'/>
	</entry>
	<entry>
		<category term='filter'></category>
		<title>Mail Filter</title>
		<id>tag:mail.google.com,2008:filter:1317417549914</id>
		<updated>2012-05-27T21:01:24Z</updated>
		<content></content>
		<apps:property name='from' value='duchuanlong@gmail.com'/>
		<apps:property name='to' value='china-lianyi@googlegroups.com'/>
		<apps:property name='hasTheWord' value='【邮件群攻略】'/>
		<apps:property name='label' value='CMailList'/>
		<apps:property name='forwardTo' value='duchuanlong@gmail.com'/>
		<apps:property name='shouldNeverSpam' value='true'/>
	</entry>
	<entry>
		<category term='filter'></category>
		<title>Mail Filter</title>
		<id>tag:mail.google.com,2008:filter:1317448163474</id>
		<updated>2012-05-27T21:01:24Z</updated>
		<content></content>
		<apps:property name='hasTheWord' value='(机票 OR ticket) AND (便宜 OR 廉价)'/>
		<apps:property name='label' value='Wanted'/>
		<apps:property name='forwardTo' value='duchuanlong+wanted@gmail.com'/>
		<apps:property name='shouldNeverSpam' value='true'/>
	</entry>
</feed>