<?xml version="1.0" encoding="UTF-8"?>

<channel name="displays" version="1.0">
  <property name="Default" type="empty">
    <property name="LVDS1" type="string" value="Laptop">
      <property name="Active" type="bool" value="true"/>
      <property name="Resolution" type="string" value="1366x768"/>
      <property name="RefreshRate" type="double" value="59.973124"/>
      <property name="Rotation" type="int" value="0"/>
      <property name="Reflection" type="string" value="0"/>
      <property name="Primary" type="bool" value="false"/>
      <property name="Position" type="empty">
        <property name="X" type="int" value="0"/>
        <property name="Y" type="int" value="0"/>
      </property>
    </property>
  </property>
</channel>
