<?xml version="1.0" encoding="UTF-8"?>

<channel name="xfce4-desktop" version="1.0">
  <property name="backdrop" type="empty">
    <property name="screen0" type="empty">
      <property name="monitor0" type="empty">
        <property name="brightness" type="empty"/>
        <property name="color1" type="empty"/>
        <property name="color2" type="empty"/>
        <property name="color-style" type="empty"/>
        <property name="image-path" type="string" value="/usr/share/backgrounds/xfce/xfce-blue.jpg"/>
        <property name="image-show" type="empty"/>
        <property name="last-image" type="string" value="/usr/share/backgrounds/xfce/xfce-blue.jpg"/>
        <property name="last-single-image" type="string" value="/usr/share/backgrounds/xfce/xfce-blue.jpg"/>
      </property>
    </property>
  </property>
  <property name="desktop-icons" type="empty">
    <property name="icon-size" type="uint" value="32"/>
    <property name="file-icons" type="empty">
      <property name="show-home" type="bool" value="false"/>
      <property name="show-filesystem" type="bool" value="false"/>
      <property name="show-removable" type="bool" value="false"/>
    </property>
  </property>
</channel>
