<?xml version="1.0" encoding="UTF-8"?>

<channel name="xfce4-panel" version="1.0">
  <property name="configver" type="int" value="2"/>
  <property name="panels" type="array">
    <value type="int" value="1"/>
    <property name="panel-1" type="empty">
      <property name="position" type="string" value="p=6;x=0;y=0"/>
      <property name="length" type="uint" value="100"/>
      <property name="position-locked" type="bool" value="true"/>
      <property name="size" type="uint" value="35"/>
      <property name="plugin-ids" type="array">
        <value type="int" value="1"/>
        <value type="int" value="3"/>
        <value type="int" value="15"/>
        <value type="int" value="4"/>
        <value type="int" value="8"/>
        <value type="int" value="6"/>
        <value type="int" value="2"/>
      </property>
      <property name="autohide" type="bool" value="true"/>
      <property name="disable-struts" type="bool" value="false"/>
      <property name="background-style" type="uint" value="0"/>
    </property>
  </property>
  <property name="plugins" type="empty">
    <property name="plugin-1" type="string" value="applicationsmenu">
      <property name="button-title" type="string" value=""/>
    </property>
    <property name="plugin-2" type="string" value="actions"/>
    <property name="plugin-3" type="string" value="tasklist"/>
    <property name="plugin-15" type="string" value="separator">
      <property name="expand" type="bool" value="true"/>
      <property name="style" type="uint" value="0"/>
    </property>
    <property name="plugin-4" type="string" value="pager"/>
    <property name="plugin-6" type="string" value="systray">
      <property name="names-visible" type="array">
        <value type="string" value="gnome desktop sharing"/>
        <value type="string" value="vlc"/>
        <value type="string" value="thunar"/>
        <value type="string" value="main.py"/>
        <value type="string" value="networkmanager applet"/>
        <value type="string" value="ibus panel"/>
        <value type="string" value="wicd-client.py"/>
        <value type="string" value="skype"/>
        <value type="string" value="orage"/>
        <value type="string" value="wuala"/>
        <value type="string" value="dropbox"/>
        <value type="string" value="xfce4-power-manager"/>
        <value type="string" value="spideroak"/>
        <value type="string" value="google chrome"/>
        <value type="string" value="sparkleshare"/>
        <value type="string" value="remmina remote desktop client"/>
        <value type="string" value="skype-2.1.0.81"/>
        <value type="string" value="swt"/>
      </property>
    </property>
    <property name="plugin-8" type="string" value="datetime"/>
  </property>
</channel>
