<?xml version="1.0" encoding="UTF-8"?>

<channel name="xfce4-mixer" version="1.0">
  <property name="active-card" type="string" value="HDAIntelAlsamixer"/>
  <property name="volume-step-size" type="uint" value="5"/>
  <property name="sound-card" type="string" value="CaptureBuiltinAudioAnalogStereoPulseAudioMixer"/>
  <property name="sound-cards" type="empty">
    <property name="HDAIntelAlsamixer" type="array">
      <value type="string" value="Master"/>
      <value type="string" value="Headphone"/>
      <value type="string" value="Speaker"/>
      <value type="string" value="PCM"/>
      <value type="string" value="Microphone"/>
      <value type="string" value="Mic Boost"/>
      <value type="string" value="IEC958 Default PCM"/>
      <value type="string" value="Beep"/>
    </property>
    <property name="PlaybackBuiltinAudioAnalogStereoPulseAudioMixer" type="array">
      <value type="string" value="Master"/>
    </property>
    <property name="CaptureMonitorofBuiltinAudioAnalogStereoPulseAudioMixer" type="array">
      <value type="string" value="Master"/>
    </property>
    <property name="CaptureBuiltinAudioAnalogStereoPulseAudioMixer" type="array">
      <value type="string" value="Master"/>
    </property>
  </property>
  <property name="window-height" type="int" value="746"/>
  <property name="window-width" type="int" value="1366"/>
</channel>
